{
	"Supertest:":	0.067965,
	"capteur1_1:":	0,
	"actionneur1_2:":	0,
	"absolute_value_3:":	0,
	"Super_test1":	[{
			"TOTAL_SUPERBLOCK:":	0.001133,
			"cosblk_4:":	0.001133
		}],
	"gain_5:":	0.004153,
	"flag456:":	0,
	"flag1:":	0,
	"flag4:":	0.067209,
	"flag5:":	0.067209
}